{
  "MAE": 2.6847792765904557,
  "RMSE": 3.714415273211219,
  "R2": 0.7800323408125702,
  "model": "XGBoost",
  "target": "Elongation (%)",
  "test_size": 0.2,
  "seed": 42
}