Processing,Ag,Al,B,Be,Bi,Cd,Co,Cr,Cu,Er,Eu,Fe,Ga,Li,Mg,Mn,Ni,Pb,Sc,Si,Sn,Ti,V,Zn,Zr,class,Prediction
Strain Harderned (Hard),0,0.9988,0,0,0,0,0,0.0,0.0012,0,0,0.0,0,0,0.0,0.0,0.0,0,0,0.0,0,0,0,0.0,0,5,133.81478623446426
No Processing,0,0.8817,0,0,0,0,0,0.0023,0.02,0,0,0.0,0,0,0.028,0.0,0.0,0,0,0.0,0,0,0,0.068,0,1,572.570023909643
No Processing,0,0.872,0,0,0,0,0,0.003,0.021,0,0,0.0,0,0,0.03,0.0,0.0,0,0,0.0,0,0,0,0.074,0,1,604.0059695950027
Naturally aged,0,0.85359,0,0,0,0,0,0.00153,0.0296,0,0,0.0074,0,0,0.0023,0.0021,0.00097,0,0,0.0905,0,0,0,0.01201,0,8,319.5163299
